morph_id,morph,position,in_cells,in_forms,language_id
ranglongM01,a,pre,3.sg.1.sg.nfut.aff; 3.sg.1.pl.nfut.aff; 3.pl.1.sg.nfut.aff; 3.pl.1.sg.nfut.aff; 3.pl.1.pl.nfut.aff; 3.pl.1.pl.nfut.aff; 3.sg.2.sg.nfut.aff; 3.sg.2.pl.nfut.aff; 3.sg.2.pl.nfut.aff; 3.pl.2.sg.nfut.aff; 3.pl.2.sg.nfut.aff; 3.pl.2.pl.nfut.aff; 3.pl.2.pl.nfut.aff; 3.sg.3.sg.nfut.aff; 3.sg.3.pl.nfut.aff; 3.sg.3.pl.nfut.aff; 3.pl.3.sg.nfut.aff; 3.pl.3.sg.nfut.aff; 3.pl.3.pl.nfut.aff; 3.pl.3.pl.nfut.aff; 3.sg.nfut.aff; 3.pl.nfut.aff,ranglong160; ranglong161; ranglong162; ranglong163; ranglong164; ranglong165; ranglong166; ranglong167; ranglong168; ranglong169; ranglong170; ranglong171; ranglong172; ranglong173; ranglong174; ranglong175; ranglong176; ranglong177; ranglong178; ranglong179; ranglong247; ranglong248,ranglong
ranglongM02,a m a,free,3.sg; 3.pl,ranglong005; ranglong006,ranglong
ranglongM03,ee j,pre,3.sg.1.sg.fut.aff; 3.sg.1.pl.fut.aff; 3.pl.1.sg.fut.aff; 3.pl.1.sg.fut.aff; 3.pl.1.pl.fut.aff; 3.pl.1.pl.fut.aff; 3.sg.2.sg.fut.aff; 3.sg.2.pl.fut.aff; 3.sg.2.pl.fut.aff; 3.pl.2.sg.fut.aff; 3.pl.2.sg.fut.aff; 3.pl.2.pl.fut.aff; 3.pl.2.pl.fut.aff; 3.sg.3.sg.fut.aff; 3.sg.3.pl.fut.aff; 3.pl.3.sg.fut.aff; 3.pl.3.sg.fut.aff; 3.pl.3.pl.fut.aff; 3.pl.3.pl.fut.aff; 3.sg.fut.aff; 3.pl.fut.aff,ranglong054; ranglong056; ranglong059; ranglong060; ranglong063; ranglong064; ranglong066; ranglong069; ranglong070; ranglong073; ranglong074; ranglong077; ranglong078; ranglong080; ranglong083; ranglong086; ranglong087; ranglong090; ranglong091; ranglong235; ranglong236,ranglong
ranglongM04,i n,post,1.pl.2.sg.fut.aff; 1.pl.2.pl.fut.aff; 1.pl.2.pl.fut.aff; 1.pl.3.sg.fut.aff; 1.pl.3.pl.fut.aff; 1.pl.3.pl.fut.aff; 3.sg.1.sg.fut.aff; 3.sg.1.pl.fut.aff; 3.pl.1.sg.fut.aff; 3.pl.1.sg.fut.aff; 3.pl.1.pl.fut.aff; 3.pl.1.pl.fut.aff; 3.sg.2.sg.fut.aff; 3.sg.2.pl.fut.aff; 3.sg.2.pl.fut.aff; 3.pl.2.sg.fut.aff; 3.pl.2.sg.fut.aff; 3.pl.2.pl.fut.aff; 3.pl.2.pl.fut.aff; 3.sg.3.sg.fut.aff; 3.sg.3.pl.fut.aff; 3.sg.3.pl.fut.aff; 3.pl.3.sg.fut.aff; 3.pl.3.sg.fut.aff; 3.pl.3.pl.fut.aff; 3.pl.3.pl.fut.aff,ranglong013; ranglong015; ranglong016; ranglong025; ranglong027; ranglong028; ranglong053; ranglong055; ranglong057; ranglong058; ranglong061; ranglong062; ranglong065; ranglong067; ranglong068; ranglong071; ranglong072; ranglong075; ranglong076; ranglong079; ranglong081; ranglong082; ranglong084; ranglong085; ranglong088; ranglong089,ranglong
ranglongM05,i ŋ,post,1.sg.2.sg.nfut.neg; 1.sg.2.pl.nfut.neg; 1.sg.2.pl.nfut.neg; 1.sg.3.sg.nfut.neg; 1.sg.3.pl.nfut.neg; 1.sg.3.pl.nfut.neg; 1.sg.nfut.neg,ranglong180; ranglong182; ranglong183; ranglong189; ranglong191; ranglong192; ranglong249,ranglong
ranglongM06,k a,post,1.sg.2.sg.fut.aff; 1.sg.2.pl.fut.aff; 1.sg.2.pl.fut.aff; 1.sg.3.sg.fut.aff; 1.sg.3.pl.fut.aff; 1.sg.3.pl.fut.aff,ranglong007; ranglong009; ranglong010; ranglong019; ranglong021; ranglong022,ranglong
ranglongM07,k a,pre,1.sg.2.sg.nfut.aff; 1.sg.2.pl.nfut.aff; 1.sg.2.pl.nfut.aff; 1.sg.3.sg.nfut.aff; 1.sg.3.pl.nfut.aff; 1.sg.3.pl.nfut.aff; 1.sg.nfut.aff,ranglong136; ranglong137; ranglong138; ranglong142; ranglong143; ranglong144; ranglong243,ranglong
ranglongM08,k ee j,pre,1.sg.2.sg.fut.aff; 1.sg.2.pl.fut.aff; 1.sg.2.pl.fut.aff; 1.sg.3.sg.fut.aff; 1.sg.3.pl.fut.aff; 1.sg.3.pl.fut.aff; 1.sg.fut.aff,ranglong008; ranglong011; ranglong012; ranglong020; ranglong023; ranglong024; ranglong231,ranglong
ranglongM09,k o i,free,1.sg; 1.pl,ranglong001; ranglong002,ranglong
ranglongM10,m a,post,1.sg.2.pl.fut.neg; 1.sg.2.pl.fut.neg; 1.pl.2.sg.fut.neg; 1.pl.2.pl.fut.neg; 1.pl.2.pl.fut.neg; 1.pl.3.sg.fut.neg; 1.pl.3.pl.fut.neg; 1.pl.3.pl.fut.neg; 1.pl.fut.neg,ranglong093; ranglong094; ranglong097; ranglong098; ranglong099; ranglong101; ranglong102; ranglong103; ranglong238,ranglong
ranglongM11,m a k,post,1.sg.2.sg.nfut.neg; 1.sg.2.sg.nfut.neg; 1.sg.2.pl.nfut.neg; 1.sg.2.pl.nfut.neg; 1.sg.2.pl.nfut.neg; 1.sg.2.pl.nfut.neg; 1.pl.2.sg.nfut.neg; 1.pl.2.pl.nfut.neg; 1.pl.2.pl.nfut.neg; 1.sg.3.sg.nfut.neg; 1.sg.3.sg.nfut.neg; 1.sg.3.pl.nfut.neg; 1.sg.3.pl.nfut.neg; 1.sg.3.pl.nfut.neg; 1.sg.3.pl.nfut.neg; 1.pl.3.sg.nfut.neg; 1.pl.3.pl.nfut.neg; 1.pl.3.pl.nfut.neg; 2.sg.1.sg.nfut.neg; 2.sg.1.pl.nfut.neg; 2.pl.1.sg.nfut.neg; 2.pl.1.sg.nfut.neg; 2.pl.1.pl.nfut.neg; 2.pl.1.pl.nfut.neg; 2.sg.3.sg.nfut.neg; 2.sg.3.pl.nfut.neg; 2.sg.3.pl.nfut.neg; 2.pl.3.sg.nfut.neg; 2.pl.3.sg.nfut.neg; 2.pl.3.pl.nfut.neg; 2.pl.3.pl.nfut.neg; 3.sg.1.sg.nfut.neg; 3.sg.1.pl.nfut.neg; 3.sg.1.pl.nfut.neg; 3.pl.1.sg.nfut.neg; 3.pl.1.sg.nfut.neg; 3.pl.1.pl.nfut.neg; 3.pl.1.pl.nfut.neg; 3.sg.2.sg.nfut.neg; 3.sg.2.pl.nfut.neg; 3.pl.2.sg.nfut.neg; 3.pl.2.sg.nfut.neg; 3.pl.2.pl.nfut.neg; 3.pl.2.pl.nfut.neg; 3.sg.3.sg.nfut.neg; 3.sg.3.pl.nfut.neg; 3.sg.3.pl.nfut.neg; 3.pl.3.sg.nfut.neg; 3.pl.3.sg.nfut.neg; 3.pl.3.pl.nfut.neg; 3.pl.3.pl.nfut.neg; 1.sg.nfut.neg; 1.sg.nfut.neg; 1.pl.nfut.neg; 2.sg.nfut.neg; 2.pl.nfut.neg; 3.sg.nfut.neg; 3.pl.nfut.neg,ranglong180; ranglong181; ranglong182; ranglong183; ranglong184; ranglong185; ranglong186; ranglong187; ranglong188; ranglong189; ranglong190; ranglong191; ranglong192; ranglong193; ranglong194; ranglong195; ranglong196; ranglong197; ranglong198; ranglong199; ranglong200; ranglong201; ranglong202; ranglong203; ranglong204; ranglong205; ranglong206; ranglong207; ranglong208; ranglong209; ranglong210; ranglong211; ranglong212; ranglong213; ranglong214; ranglong215; ranglong216; ranglong217; ranglong218; ranglong219; ranglong220; ranglong221; ranglong222; ranglong223; ranglong224; ranglong225; ranglong226; ranglong227; ranglong228; ranglong229; ranglong230; ranglong249; ranglong250; ranglong251; ranglong252; ranglong253; ranglong254; ranglong255,ranglong
ranglongM12,m e,post,1.pl.2.sg.nfut.neg; 1.pl.2.pl.nfut.neg; 1.pl.2.pl.nfut.neg; 1.pl.3.sg.nfut.neg; 1.pl.3.pl.nfut.neg; 1.pl.3.pl.nfut.neg; 1.pl.nfut.neg,ranglong186; ranglong187; ranglong188; ranglong195; ranglong196; ranglong197; ranglong251,ranglong
ranglongM13,n a,post,2.pl.1.sg.fut.aff; 2.pl.1.sg.fut.aff; 2.pl.1.pl.fut.aff; 2.pl.1.pl.fut.aff; 2.sg.3.sg.fut.aff; 2.sg.3.pl.fut.aff; 2.pl.3.sg.fut.aff; 2.pl.3.sg.fut.aff; 2.pl.3.pl.fut.aff; 2.pl.3.pl.fut.aff,ranglong033; ranglong034; ranglong037; ranglong038; ranglong041; ranglong043; ranglong045; ranglong046; ranglong049; ranglong050,ranglong
ranglongM14,n a,pre,1.sg.2.sg.fut.aff; 1.sg.2.sg.fut.aff; 1.sg.2.pl.fut.aff; 1.sg.2.pl.fut.aff; 1.sg.2.pl.fut.aff; 1.sg.2.pl.fut.aff; 1.pl.2.sg.fut.aff; 1.pl.2.sg.fut.aff; 1.pl.2.pl.fut.aff; 1.pl.2.pl.fut.aff; 1.pl.2.pl.fut.aff; 1.pl.2.pl.fut.aff; 2.sg.1.sg.fut.aff; 2.sg.1.pl.fut.aff; 2.pl.1.sg.fut.aff; 2.pl.1.sg.fut.aff; 2.pl.1.sg.fut.aff; 2.pl.1.sg.fut.aff; 2.pl.1.pl.fut.aff; 2.pl.1.pl.fut.aff; 2.pl.1.pl.fut.aff; 2.pl.1.pl.fut.aff; 2.pl.3.sg.fut.aff; 2.pl.3.sg.fut.aff; 2.pl.3.sg.fut.aff; 2.pl.3.sg.fut.aff; 3.sg.1.sg.fut.aff; 3.sg.1.sg.fut.aff; 3.sg.1.pl.fut.aff; 3.sg.1.pl.fut.aff; 3.pl.1.sg.fut.aff; 3.pl.1.sg.fut.aff; 3.pl.1.sg.fut.aff; 3.pl.1.sg.fut.aff; 3.pl.1.pl.fut.aff; 3.pl.1.pl.fut.aff; 3.pl.1.pl.fut.aff; 3.pl.1.pl.fut.aff; 3.sg.2.sg.fut.aff; 3.sg.2.sg.fut.aff; 3.sg.2.pl.fut.aff; 3.sg.2.pl.fut.aff; 3.sg.2.pl.fut.aff; 3.sg.2.pl.fut.aff; 3.pl.2.sg.fut.aff; 3.pl.2.sg.fut.aff; 3.pl.2.sg.fut.aff; 3.pl.2.sg.fut.aff; 3.pl.2.pl.fut.aff; 3.pl.2.pl.fut.aff; 3.pl.2.pl.fut.aff; 3.pl.2.pl.fut.aff; 1.sg.2.sg.fut.neg; 1.sg.2.pl.fut.neg; 1.sg.2.pl.fut.neg; 1.pl.2.sg.fut.neg; 1.pl.2.pl.fut.neg; 1.pl.2.pl.fut.neg; 2.sg.1.sg.fut.neg; 2.sg.1.pl.fut.neg; 2.pl.1.sg.fut.neg; 2.pl.1.sg.fut.neg; 2.pl.1.pl.fut.neg; 2.pl.1.pl.fut.neg; 3.sg.1.sg.fut.neg; 3.sg.1.pl.fut.neg; 3.pl.1.sg.fut.neg; 3.pl.1.sg.fut.neg; 3.pl.1.pl.fut.neg; 3.pl.1.pl.fut.neg; 3.sg.2.sg.fut.neg; 3.sg.2.pl.fut.neg; 3.sg.2.pl.fut.neg; 3.pl.2.sg.fut.neg; 3.pl.2.sg.fut.neg; 3.pl.2.pl.fut.neg; 3.pl.2.pl.fut.neg; 1.sg.2.sg.nfut.aff; 1.sg.2.pl.nfut.aff; 1.sg.2.pl.nfut.aff; 1.pl.2.sg.nfut.aff; 1.pl.2.pl.nfut.aff; 1.pl.2.pl.nfut.aff; 1.pl.3.sg.nfut.aff; 1.pl.3.pl.nfut.aff; 1.pl.3.pl.nfut.aff; 2.sg.1.sg.nfut.aff; 2.sg.1.pl.nfut.aff; 2.pl.1.sg.nfut.aff; 2.pl.1.sg.nfut.aff; 2.pl.1.pl.nfut.aff; 2.pl.1.pl.nfut.aff; 2.sg.3.sg.nfut.aff; 2.sg.3.pl.nfut.aff; 2.pl.3.sg.nfut.aff; 2.pl.3.sg.nfut.aff; 2.pl.3.pl.nfut.aff; 2.pl.3.pl.nfut.aff; 3.sg.1.sg.nfut.aff; 3.sg.1.pl.nfut.aff; 3.pl.1.sg.nfut.aff; 3.pl.1.sg.nfut.aff; 3.pl.1.pl.nfut.aff; 3.pl.1.pl.nfut.aff; 3.sg.2.sg.nfut.aff; 3.sg.2.pl.nfut.aff; 3.sg.2.pl.nfut.aff; 3.pl.2.sg.nfut.aff; 3.pl.2.sg.nfut.aff; 3.pl.2.pl.nfut.aff; 3.pl.2.pl.nfut.aff; 1.sg.2.sg.nfut.neg; 1.sg.2.sg.nfut.neg; 1.sg.2.pl.nfut.neg; 1.sg.2.pl.nfut.neg; 1.sg.2.pl.nfut.neg; 1.sg.2.pl.nfut.neg; 1.pl.2.sg.nfut.neg; 1.pl.2.pl.nfut.neg; 1.pl.2.pl.nfut.neg; 2.sg.1.sg.nfut.neg; 2.sg.1.pl.nfut.neg; 2.pl.1.pl.nfut.neg; 2.pl.1.pl.nfut.neg; 3.sg.1.sg.nfut.neg; 3.sg.1.pl.nfut.neg; 3.sg.1.pl.nfut.neg; 3.pl.1.sg.nfut.neg; 3.pl.1.sg.nfut.neg; 3.pl.1.pl.nfut.neg; 3.pl.1.pl.nfut.neg; 3.sg.2.sg.nfut.neg; 3.sg.2.pl.nfut.neg; 3.pl.2.sg.nfut.neg; 3.pl.2.sg.nfut.neg; 3.pl.2.pl.nfut.neg; 3.pl.2.pl.nfut.neg; 1.pl.nfut.aff; 2.sg.nfut.aff; 2.pl.nfut.aff,ranglong007; ranglong008; ranglong009; ranglong010; ranglong011; ranglong012; ranglong013; ranglong014; ranglong015; ranglong016; ranglong017; ranglong018; ranglong031; ranglong032; ranglong033; ranglong034; ranglong035; ranglong036; ranglong037; ranglong038; ranglong039; ranglong040; ranglong045; ranglong046; ranglong047; ranglong048; ranglong053; ranglong054; ranglong055; ranglong056; ranglong057; ranglong058; ranglong059; ranglong060; ranglong061; ranglong062; ranglong063; ranglong064; ranglong065; ranglong066; ranglong067; ranglong068; ranglong069; ranglong070; ranglong071; ranglong072; ranglong073; ranglong074; ranglong075; ranglong076; ranglong077; ranglong078; ranglong092; ranglong093; ranglong094; ranglong097; ranglong098; ranglong099; ranglong104; ranglong105; ranglong106; ranglong107; ranglong108; ranglong109; ranglong116; ranglong117; ranglong118; ranglong119; ranglong120; ranglong121; ranglong122; ranglong123; ranglong124; ranglong125; ranglong126; ranglong127; ranglong128; ranglong136; ranglong137; ranglong138; ranglong139; ranglong140; ranglong141; ranglong145; ranglong146; ranglong147; ranglong148; ranglong149; ranglong150; ranglong151; ranglong152; ranglong153; ranglong154; ranglong155; ranglong156; ranglong157; ranglong158; ranglong159; ranglong160; ranglong161; ranglong162; ranglong163; ranglong164; ranglong165; ranglong166; ranglong167; ranglong168; ranglong169; ranglong170; ranglong171; ranglong172; ranglong180; ranglong181; ranglong182; ranglong183; ranglong184; ranglong185; ranglong186; ranglong187; ranglong188; ranglong198; ranglong199; ranglong202; ranglong203; ranglong211; ranglong212; ranglong213; ranglong214; ranglong215; ranglong216; ranglong217; ranglong218; ranglong219; ranglong220; ranglong221; ranglong222; ranglong223; ranglong244; ranglong245; ranglong246,ranglong
ranglongM15,n a ŋ,free,2.sg; 2.pl,ranglong003; ranglong004,ranglong
ranglongM16,n ee j,pre,1.pl.2.sg.fut.aff; 1.pl.2.pl.fut.aff; 1.pl.2.pl.fut.aff; 1.pl.3.sg.fut.aff; 1.pl.3.pl.fut.aff; 1.pl.3.pl.fut.aff; 2.sg.1.sg.fut.aff; 2.sg.1.pl.fut.aff; 2.pl.1.sg.fut.aff; 2.pl.1.sg.fut.aff; 2.pl.1.pl.fut.aff; 2.pl.1.pl.fut.aff; 2.sg.3.sg.fut.aff; 2.sg.3.pl.fut.aff; 2.pl.3.sg.fut.aff; 2.pl.3.sg.fut.aff; 2.pl.3.pl.fut.aff; 2.pl.3.pl.fut.aff; 1.pl.fut.aff; 2.sg.fut.aff; 2.pl.fut.aff,ranglong014; ranglong017; ranglong018; ranglong026; ranglong029; ranglong030; ranglong031; ranglong032; ranglong035; ranglong036; ranglong039; ranglong040; ranglong042; ranglong044; ranglong047; ranglong048; ranglong051; ranglong052; ranglong232; ranglong233; ranglong234,ranglong
ranglongM17,n i,free,1.pl; 2.pl; 3.pl,ranglong002; ranglong004; ranglong006,ranglong
ranglongM18,n i,post,1.sg.2.sg.fut.neg; 1.sg.2.pl.fut.neg; 1.sg.2.pl.fut.neg; 1.sg.3.pl.fut.neg; 1.sg.3.pl.fut.neg; 1.pl.2.sg.fut.neg; 1.pl.2.pl.fut.neg; 1.pl.2.pl.fut.neg; 1.sg.3.sg.fut.neg; 1.pl.3.sg.fut.neg; 1.pl.3.pl.fut.neg; 1.pl.3.pl.fut.neg; 2.sg.1.sg.fut.neg; 2.sg.1.pl.fut.neg; 2.pl.1.sg.fut.neg; 2.pl.1.sg.fut.neg; 2.pl.1.pl.fut.neg; 2.pl.1.pl.fut.neg; 2.sg.3.sg.fut.neg; 2.sg.3.pl.fut.neg; 2.pl.3.sg.fut.neg; 2.pl.3.sg.fut.neg; 2.pl.3.pl.fut.neg; 2.pl.3.pl.fut.neg; 3.sg.1.sg.fut.neg; 3.sg.1.pl.fut.neg; 3.pl.1.sg.fut.neg; 3.pl.1.sg.fut.neg; 3.pl.1.pl.fut.neg; 3.pl.1.pl.fut.neg; 3.sg.2.sg.fut.neg; 3.sg.2.pl.fut.neg; 3.sg.2.pl.fut.neg; 3.pl.2.sg.fut.neg; 3.pl.2.sg.fut.neg; 3.pl.2.pl.fut.neg; 3.pl.2.pl.fut.neg; 3.sg.3.sg.fut.neg; 3.sg.3.pl.fut.neg; 3.sg.3.pl.fut.neg; 3.pl.3.sg.fut.neg; 3.pl.3.sg.fut.neg; 3.pl.3.pl.fut.neg; 3.pl.3.pl.fut.neg; 1.sg.fut.neg; 1.pl.fut.neg; 2.sg.fut.neg; 2.pl.fut.neg; 3.sg.fut.neg; 3.pl.fut.neg,ranglong092; ranglong093; ranglong094; ranglong095; ranglong096; ranglong097; ranglong098; ranglong099; ranglong100; ranglong101; ranglong102; ranglong103; ranglong104; ranglong105; ranglong106; ranglong107; ranglong108; ranglong109; ranglong110; ranglong111; ranglong112; ranglong113; ranglong114; ranglong115; ranglong116; ranglong117; ranglong118; ranglong119; ranglong120; ranglong121; ranglong122; ranglong123; ranglong124; ranglong125; ranglong126; ranglong127; ranglong128; ranglong129; ranglong130; ranglong131; ranglong132; ranglong133; ranglong134; ranglong135; ranglong237; ranglong238; ranglong239; ranglong240; ranglong241; ranglong242,ranglong
ranglongM19,n o,post,1.sg.2.sg.fut.neg; 1.sg.2.pl.fut.neg; 1.sg.2.pl.fut.neg; 1.sg.3.pl.fut.neg; 1.sg.3.pl.fut.neg; 1.pl.2.sg.fut.neg; 1.pl.2.pl.fut.neg; 1.pl.2.pl.fut.neg; 1.sg.3.sg.fut.neg; 1.pl.3.sg.fut.neg; 1.pl.3.pl.fut.neg; 1.pl.3.pl.fut.neg; 2.sg.1.sg.fut.neg; 2.sg.1.pl.fut.neg; 2.pl.1.sg.fut.neg; 2.pl.1.sg.fut.neg; 2.pl.1.pl.fut.neg; 2.pl.1.pl.fut.neg; 2.sg.3.sg.fut.neg; 2.sg.3.pl.fut.neg; 2.pl.3.sg.fut.neg; 2.pl.3.sg.fut.neg; 2.pl.3.pl.fut.neg; 2.pl.3.pl.fut.neg; 3.sg.1.sg.fut.neg; 3.sg.1.pl.fut.neg; 3.pl.1.sg.fut.neg; 3.pl.1.sg.fut.neg; 3.pl.1.pl.fut.neg; 3.pl.1.pl.fut.neg; 3.sg.2.sg.fut.neg; 3.sg.2.pl.fut.neg; 3.sg.2.pl.fut.neg; 3.pl.2.sg.fut.neg; 3.pl.2.sg.fut.neg; 3.pl.2.pl.fut.neg; 3.pl.2.pl.fut.neg; 3.sg.3.sg.fut.neg; 3.sg.3.pl.fut.neg; 3.sg.3.pl.fut.neg; 3.pl.3.sg.fut.neg; 3.pl.3.sg.fut.neg; 3.pl.3.pl.fut.neg; 3.pl.3.pl.fut.neg; 1.sg.fut.neg; 1.pl.fut.neg; 2.sg.fut.neg; 2.pl.fut.neg; 3.sg.fut.neg; 3.pl.fut.neg,ranglong092; ranglong093; ranglong094; ranglong095; ranglong096; ranglong097; ranglong098; ranglong099; ranglong100; ranglong101; ranglong102; ranglong103; ranglong104; ranglong105; ranglong106; ranglong107; ranglong108; ranglong109; ranglong110; ranglong111; ranglong112; ranglong113; ranglong114; ranglong115; ranglong116; ranglong117; ranglong118; ranglong119; ranglong120; ranglong121; ranglong122; ranglong123; ranglong124; ranglong125; ranglong126; ranglong127; ranglong128; ranglong129; ranglong130; ranglong131; ranglong132; ranglong133; ranglong134; ranglong135; ranglong237; ranglong238; ranglong239; ranglong240; ranglong241; ranglong242,ranglong
ranglongM20,r a ŋ,post,1.sg.2.sg.fut.aff; 1.sg.2.pl.fut.aff; 1.sg.2.pl.fut.aff; 1.pl.2.sg.fut.aff; 1.pl.2.pl.fut.aff; 1.pl.2.pl.fut.aff; 1.sg.3.sg.fut.aff; 1.sg.3.pl.fut.aff; 1.sg.3.pl.fut.aff; 1.pl.3.sg.fut.aff; 1.pl.3.pl.fut.aff; 1.pl.3.pl.fut.aff; 2.sg.1.sg.fut.aff; 2.sg.1.pl.fut.aff; 2.pl.1.sg.fut.aff; 2.pl.1.sg.fut.aff; 2.pl.1.pl.fut.aff; 2.pl.1.pl.fut.aff; 2.sg.3.sg.fut.aff; 2.sg.3.pl.fut.aff; 2.pl.3.sg.fut.aff; 2.pl.3.sg.fut.aff; 2.pl.3.pl.fut.aff; 2.pl.3.pl.fut.aff; 3.sg.1.sg.fut.aff; 3.sg.1.pl.fut.aff; 3.pl.1.sg.fut.aff; 3.pl.1.sg.fut.aff; 3.pl.1.pl.fut.aff; 3.pl.1.pl.fut.aff; 3.sg.2.sg.fut.aff; 3.sg.2.pl.fut.aff; 3.sg.2.pl.fut.aff; 3.pl.2.sg.fut.aff; 3.pl.2.sg.fut.aff; 3.pl.2.pl.fut.aff; 3.pl.2.pl.fut.aff; 3.sg.3.sg.fut.aff; 3.sg.3.pl.fut.aff; 3.pl.3.sg.fut.aff; 3.pl.3.sg.fut.aff; 3.pl.3.pl.fut.aff; 3.pl.3.pl.fut.aff; 1.sg.fut.aff; 1.pl.fut.aff; 2.sg.fut.aff; 2.pl.fut.aff; 3.sg.fut.aff; 3.pl.fut.aff,ranglong008; ranglong011; ranglong012; ranglong014; ranglong017; ranglong018; ranglong020; ranglong023; ranglong024; ranglong026; ranglong029; ranglong030; ranglong031; ranglong032; ranglong035; ranglong036; ranglong039; ranglong040; ranglong042; ranglong044; ranglong047; ranglong048; ranglong051; ranglong052; ranglong054; ranglong056; ranglong059; ranglong060; ranglong063; ranglong064; ranglong066; ranglong069; ranglong070; ranglong073; ranglong074; ranglong077; ranglong078; ranglong080; ranglong083; ranglong086; ranglong087; ranglong090; ranglong091; ranglong231; ranglong232; ranglong233; ranglong234; ranglong235; ranglong236,ranglong
ranglongM21,t a,post,2.sg.1.sg.fut.neg; 2.sg.1.pl.fut.neg; 2.pl.1.sg.fut.neg; 2.pl.1.sg.fut.neg; 2.pl.1.pl.fut.neg; 2.pl.1.pl.fut.neg; 2.sg.3.sg.fut.neg; 2.sg.3.pl.fut.neg; 2.pl.3.sg.fut.neg; 2.pl.3.sg.fut.neg; 2.pl.3.pl.fut.neg; 2.pl.3.pl.fut.neg; 2.sg.fut.neg; 2.pl.fut.neg,ranglong104; ranglong105; ranglong106; ranglong107; ranglong108; ranglong109; ranglong110; ranglong111; ranglong112; ranglong113; ranglong114; ranglong115; ranglong239; ranglong240,ranglong
ranglongM22,t i,post,1.sg.2.sg.fut.aff; 1.sg.2.pl.fut.aff; 1.sg.2.pl.fut.aff; 1.pl.2.sg.fut.aff; 1.pl.2.pl.fut.aff; 1.pl.2.pl.fut.aff; 1.sg.3.sg.fut.aff; 1.sg.3.pl.fut.aff; 1.sg.3.pl.fut.aff; 1.pl.3.sg.fut.aff; 1.pl.3.pl.fut.aff; 1.pl.3.pl.fut.aff; 2.pl.1.sg.fut.aff; 2.pl.1.sg.fut.aff; 2.pl.1.pl.fut.aff; 2.pl.1.pl.fut.aff; 2.sg.3.sg.fut.aff; 2.sg.3.pl.fut.aff; 2.pl.3.sg.fut.aff; 2.pl.3.sg.fut.aff; 2.pl.3.pl.fut.aff; 2.pl.3.pl.fut.aff; 3.sg.1.sg.fut.aff; 3.sg.1.pl.fut.aff; 3.pl.1.sg.fut.aff; 3.pl.1.sg.fut.aff; 3.pl.1.pl.fut.aff; 3.pl.1.pl.fut.aff; 3.sg.2.sg.fut.aff; 3.sg.2.pl.fut.aff; 3.sg.2.pl.fut.aff; 3.pl.2.sg.fut.aff; 3.pl.2.sg.fut.aff; 3.pl.2.pl.fut.aff; 3.pl.2.pl.fut.aff; 3.sg.3.sg.fut.aff; 3.sg.3.pl.fut.aff; 3.sg.3.pl.fut.aff; 3.pl.3.sg.fut.aff; 3.pl.3.sg.fut.aff; 3.pl.3.pl.fut.aff; 3.pl.3.pl.fut.aff,ranglong007; ranglong009; ranglong010; ranglong013; ranglong015; ranglong016; ranglong019; ranglong021; ranglong022; ranglong025; ranglong027; ranglong028; ranglong033; ranglong034; ranglong037; ranglong038; ranglong041; ranglong043; ranglong045; ranglong046; ranglong049; ranglong050; ranglong053; ranglong055; ranglong057; ranglong058; ranglong061; ranglong062; ranglong065; ranglong067; ranglong068; ranglong071; ranglong072; ranglong075; ranglong076; ranglong079; ranglong081; ranglong082; ranglong084; ranglong085; ranglong088; ranglong089,ranglong
ranglongM23,ts e,post,2.sg.1.sg.nfut.neg; 2.sg.1.pl.nfut.neg; 2.pl.1.sg.nfut.neg; 2.pl.1.sg.nfut.neg; 2.pl.1.pl.nfut.neg; 2.pl.1.pl.nfut.neg; 2.sg.3.sg.nfut.neg; 2.sg.3.pl.nfut.neg; 2.sg.3.pl.nfut.neg; 2.pl.3.sg.nfut.neg; 2.pl.3.sg.nfut.neg; 2.pl.3.pl.nfut.neg; 2.pl.3.pl.nfut.neg; 2.sg.nfut.neg; 2.pl.nfut.neg,ranglong198; ranglong199; ranglong200; ranglong201; ranglong202; ranglong203; ranglong204; ranglong205; ranglong206; ranglong207; ranglong208; ranglong209; ranglong210; ranglong252; ranglong253,ranglong
ranglongM24,u,post,1.sg.2.pl.fut.aff; 1.sg.2.pl.fut.aff; 1.pl.2.pl.fut.aff; 1.pl.2.pl.fut.aff; 1.sg.3.pl.fut.aff; 1.sg.3.pl.fut.aff; 1.pl.3.pl.fut.aff; 1.pl.3.pl.fut.aff; 2.sg.1.pl.fut.aff; 2.pl.1.sg.fut.aff; 2.pl.1.sg.fut.aff; 2.pl.1.pl.fut.aff; 2.pl.1.pl.fut.aff; 2.pl.3.sg.fut.aff; 2.pl.3.sg.fut.aff; 2.pl.3.pl.fut.aff; 2.pl.3.pl.fut.aff; 3.sg.1.pl.fut.aff; 3.sg.1.pl.fut.aff; 3.pl.1.sg.fut.aff; 3.pl.1.sg.fut.aff; 3.pl.1.pl.fut.aff; 3.pl.1.pl.fut.aff; 3.sg.2.pl.fut.aff; 3.sg.2.pl.fut.aff; 3.pl.2.sg.fut.aff; 3.pl.2.sg.fut.aff; 3.pl.2.pl.fut.aff; 3.pl.2.pl.fut.aff; 3.sg.3.pl.fut.aff; 3.sg.3.pl.fut.aff; 3.pl.3.sg.fut.aff; 3.pl.3.sg.fut.aff; 3.pl.3.pl.fut.aff; 3.pl.3.pl.fut.aff; 1.sg.2.pl.fut.neg; 1.sg.3.pl.fut.neg; 1.pl.2.pl.fut.neg; 1.pl.3.pl.fut.neg; 2.sg.1.pl.fut.neg; 2.pl.1.sg.fut.neg; 2.pl.1.pl.fut.neg; 2.pl.3.sg.fut.neg; 2.pl.3.pl.fut.neg; 3.sg.1.pl.fut.neg; 3.pl.1.sg.fut.neg; 3.pl.1.pl.fut.neg; 3.sg.2.pl.fut.neg; 3.pl.2.sg.fut.neg; 3.pl.2.pl.fut.neg; 3.sg.3.pl.fut.neg; 3.pl.3.sg.fut.neg; 3.pl.3.pl.fut.neg; 1.sg.2.pl.nfut.aff; 1.pl.2.pl.nfut.aff; 1.sg.3.pl.nfut.aff; 1.pl.3.pl.nfut.aff; 2.sg.1.pl.nfut.aff; 2.pl.1.sg.nfut.aff; 2.pl.1.pl.nfut.aff; 2.pl.3.sg.nfut.aff; 2.pl.3.pl.nfut.aff; 3.sg.1.pl.nfut.aff; 3.pl.1.sg.nfut.aff; 3.pl.1.pl.nfut.aff; 3.sg.2.pl.nfut.aff; 3.pl.2.sg.nfut.aff; 3.pl.2.pl.nfut.aff; 3.sg.3.pl.nfut.aff; 3.pl.3.sg.nfut.aff; 3.pl.3.pl.nfut.aff; 1.sg.2.pl.nfut.neg; 1.sg.2.pl.nfut.neg; 1.pl.2.pl.nfut.neg; 1.sg.3.pl.nfut.neg; 1.sg.3.pl.nfut.neg; 1.pl.3.pl.nfut.neg; 2.sg.1.pl.nfut.neg; 2.pl.1.sg.nfut.neg; 2.pl.1.pl.nfut.neg; 2.sg.3.pl.nfut.neg; 2.pl.3.sg.nfut.neg; 2.pl.3.pl.nfut.neg; 3.sg.1.pl.nfut.neg; 3.pl.1.sg.nfut.neg; 3.pl.1.pl.nfut.neg; 3.pl.2.sg.nfut.neg; 3.pl.2.pl.nfut.neg; 3.sg.3.pl.nfut.neg; 3.pl.3.sg.nfut.neg; 3.pl.3.pl.nfut.neg; 2.pl.fut.aff; 3.pl.fut.aff; 2.pl.fut.neg; 3.pl.fut.neg; 2.pl.nfut.aff; 3.pl.nfut.aff; 2.pl.nfut.neg; 3.pl.nfut.neg,ranglong009; ranglong011; ranglong015; ranglong017; ranglong021; ranglong023; ranglong027; ranglong029; ranglong032; ranglong033; ranglong035; ranglong037; ranglong039; ranglong045; ranglong047; ranglong049; ranglong051; ranglong055; ranglong056; ranglong057; ranglong059; ranglong061; ranglong063; ranglong067; ranglong069; ranglong071; ranglong073; ranglong075; ranglong077; ranglong081; ranglong083; ranglong084; ranglong086; ranglong088; ranglong090; ranglong093; ranglong095; ranglong098; ranglong102; ranglong105; ranglong106; ranglong108; ranglong112; ranglong114; ranglong117; ranglong118; ranglong120; ranglong123; ranglong125; ranglong127; ranglong130; ranglong132; ranglong134; ranglong137; ranglong140; ranglong143; ranglong146; ranglong149; ranglong150; ranglong152; ranglong156; ranglong158; ranglong161; ranglong162; ranglong164; ranglong167; ranglong169; ranglong171; ranglong174; ranglong176; ranglong178; ranglong182; ranglong184; ranglong187; ranglong191; ranglong193; ranglong196; ranglong199; ranglong200; ranglong202; ranglong205; ranglong207; ranglong209; ranglong212; ranglong214; ranglong216; ranglong220; ranglong222; ranglong225; ranglong227; ranglong229; ranglong234; ranglong236; ranglong240; ranglong242; ranglong246; ranglong248; ranglong253; ranglong255,ranglong
ranglongM25,u ŋ,post,1.sg.2.sg.nfut.neg; 1.sg.2.pl.nfut.neg; 1.sg.2.pl.nfut.neg; 1.sg.3.sg.nfut.neg; 1.sg.3.pl.nfut.neg; 1.sg.3.pl.nfut.neg; 1.sg.nfut.neg,ranglong181; ranglong184; ranglong185; ranglong190; ranglong193; ranglong194; ranglong250,ranglong
ranglongM26,ŋ,post,1.sg.2.sg.fut.aff; 1.sg.2.pl.fut.aff; 1.sg.2.pl.fut.aff; 1.sg.3.sg.fut.aff; 1.sg.3.pl.fut.aff; 1.sg.3.pl.fut.aff; 1.sg.2.sg.fut.neg; 1.sg.3.pl.fut.neg; 1.sg.3.pl.fut.neg; 1.sg.3.sg.fut.neg; 1.sg.fut.neg,ranglong007; ranglong009; ranglong010; ranglong019; ranglong021; ranglong022; ranglong092; ranglong095; ranglong096; ranglong100; ranglong237,ranglong
